model,avg_ms_per_image,std_ms_per_image,total_time_s,throughput_img_per_s,n_images_measured,gpu_name,cpu_name,cpu_cores,cpu_threads,ram_gb
ViT-B16,10.582812807776712,2.3573467898322242,1.8625750541687012,89.66081641984351,167,Tesla T4,x86_64,1,2,12.67
DeiT-Small,3.1344565478238193,0.9025696260931707,0.5516643524169922,302.7203031486943,167,Tesla T4,x86_64,1,2,12.67
Swin-Tiny,3.826992078260942,0.6714541316665047,0.6735506057739258,247.93979630990458,167,Tesla T4,x86_64,1,2,12.67
